"file","line","statement"
"1-CountryData.ES-s.R","10","pacman::p_load(data.table, dplyr, ggplot2, gridExtra, Hmisc, httr, lubridate,"
"1-CountryData.ES-s.R","15","EconomicSector <- read_excel(paste(raw,""EconomicSector_panel.xlsx"",sep=""/""))"
"1-CountryData.ES-s.R","119","ipc <- read_excel(""/Final_CreditType/Data/Clean/IPC.xlsx"")"
"1-CountryData.ES-s.R","219","write.csv("
"1-CountryData.ES-s.R","223","write_xlsx("
"1-CountryData.ES-s.R","227","EconomicSector <- readxl::read_excel(""Data.ES/Clean.ES/EconomicSector.final.xlsx"")"
"1-CountryData.ES-s.R","228","old_EconomicSector <- readxl::read_excel(""Outputs.ES/Tables.ES/EconomicSector.final.xlsx"")"
"1-CountryData_PanelCompleto-s.R","7","pacman::p_load(data.table, dplyr, ggplot2, gridExtra, Hmisc, httr, lubridate,"
"1-CountryData_PanelCompleto-s.R","12","EconomicSector <- readxl::read_excel(""/Final_EconomicSector/Data.ES/Clean.ES/EconomicSector.final.xlsx"")"
"1-CountryData_PanelCompleto-s.R","13","CrediType <- readxl::read_excel(""/Final_CreditType/Data/Clean/CreditType.final.xlsx"")"
"1-CountryData_PanelCompleto-s.R","34","write.csv("
"1-CountryData_PanelCompleto-s.R","38","write_xlsx("
"1-CountryData_PanelCompleto-s.R","42","PanelCompleto <- readxl::read_excel(""/Final_PanelCompleto/Clean.PC/PanelCompleto.final.xlsx"")"
"1-CountryData_PanelCompleto-s.R","43","old_PanelCompleto <- readxl::read_excel(""/Final_PanelCompleto/Tables.PC/PanelCompleto.final.xlsx"")"
"1-LoadingData-s.R","10","pacman::p_load(dplyr,glue,here,httr,openxlsx,plyr,readxl,rvest,"
"1-LoadingData-s.R","22","read_html()"
"1-LoadingData-s.R","35","download.file(urlsc[i],"
"1-LoadingData-s.R","58","download.file(urls, destfile = paste(here::here(),""/Data/Raw/"",basename(urls),sep=""""))"
"1-LoadingData-s.R","78","download.file(url, destfile = paste(loading,""/ConsumerCredit.xlsx"",sep=""""), mode = ""wb"")"
"1-LoadingData-s.R","80","download.file(url, destfile = paste(loading,""/Hipotecaria.xlsx"",sep=""""), mode = ""wb"")"
"1-LoadingData-s.R","82","download.file(url, destfile = paste(loading,""/CommercialCredit.xlsx"",sep=""""), mode = ""wb"")"
"1-LoadingData-s.R","84","download.file(url, destfile = paste(loading,""/EnterprisesCredit.xlsx"",sep=""""), mode = ""wb"")"
"1-LoadingData-s.R","106","read_html()"
"1-LoadingData-s.R","118","download.file(urlsc[i],"
"1-LoadingData-s.R","150","download.file(list[i],"
"1-LoadingData-s.R","169","download.file(list[i],"
"1-LoadingData-s.R","188","read_html()"
"1-LoadingData-s.R","199","download.file(xlsx_urlss[1],"
"1-LoadingData-s.R","219","download.file(paste(main_urls,paste(""s_sa_"",todaym,todayy,"".xls"",sep=""""),sep=""/""),"
"1-LoadingData-s.R","236","download.file(list[i],"
"1-LoadingData-s.R","257","download.file(urls[i],"
"1-LoadingData-s.R","264","download.file(urls[i],"
"1-LoadingData-s.R","271","download.file(urls[i],"
"1-LoadingData-s.R","278","download.file(urls[i],"
"1-LoadingData-s.R","285","download.file(urls[i],"
"1-LoadingData-s.R","327","download.file(urls[i],"
"1-LoadingData-s.R","373","download.file(urls[i],"
"1-LoadingData-s.R","399","download.file(urls[i],"
"2-CountryData-s.R","11","pacman::p_load(data.table, dplyr, ggplot2, gridExtra, Hmisc, httr, lubridate,"
"2-CountryData-s.R","254","tcargentina <- rio::import(""http://www.bcra.gob.ar/Pdfs/PublicacionesEstadisticas/seriese.xls"", sheet = ""PRESTAMOS"", range = ""A6:U9000"")"
"2-CountryData-s.R","258","tcargentina <- read_excel(paste(backup,""/old_argentina.xls"",sep=""""),"
"2-CountryData-s.R","597","tcargentina <- read.csv(paste(backup,""/old_tcargentina.csv"",sep=""""))"
"2-CountryData-s.R","601","write.csv("
"2-CountryData-s.R","614","read_excel(paste(nauto,""/FinancialSystemBolivia.xlsx"",sep="""") ,"
"2-CountryData-s.R","620","tcbol <- read_excel(paste(backup,""/old_bolivia.xls"",sep=""""),"
"2-CountryData-s.R","669","tcbolivia <- read.csv(paste(backup,""/old_tcbolivia.csv"",sep=""""))"
"2-CountryData-s.R","674","write.csv("
"2-CountryData-s.R","691","read_excel(brasilu, sheet = ""Tabela 5"", range = ""A12:L1000"")"
"2-CountryData-s.R","784","read_excel(brasilu, sheet = ""Tabela 5A"", range = ""A12:O1000"")"
"2-CountryData-s.R","874","read_excel(brasilu, sheet = ""Tabela 5B"", range = ""A12:O1000"")"
"2-CountryData-s.R","971","read_excel(brasilu, sheet = ""Tabela 6"", range = ""A14:O1000"")"
"2-CountryData-s.R","1065","read_excel(brasilu, sheet = ""Tabela 6A"", range = ""A14:O1000"")"
"2-CountryData-s.R","1160","read_excel(brasilu, sheet = ""Tabela 6B"", range = ""A12:O1000"")"
"2-CountryData-s.R","1255","read_excel(brasilu, sheet = ""Tabela 7"", range = ""A12:O1000"")"
"2-CountryData-s.R","1363","read_excel(brasilu, sheet = ""Tabela 8"", range = ""A12:O1000"")"
"2-CountryData-s.R","1467","read_excel(brasilu, sheet = ""Tabela 27"", range = ""A12:O1000"")"
"2-CountryData-s.R","1566","tcbrat29 <- read_excel(brasilu,sheet=""Tabela 29"", range = ""A13:O1000"")"
"2-CountryData-s.R","1717","tcbrasilu <- read.csv(paste(backup,""/old_tcbrasil.csv"",sep=""""))"
"2-CountryData-s.R","1720","tcbrasil <- read.csv(paste(backup,""/old_tcbrasil.csv"",sep=""""))"
"2-CountryData-s.R","1731","write.csv("
"2-CountryData-s.R","1744","tcchi <- read_excel(chilec,"
"2-CountryData-s.R","1812","tcchi <- read_excel(chilem,"
"2-CountryData-s.R","1877","tcchi <- read_excel(chileco,"
"2-CountryData-s.R","1968","tcchile <- read.csv(paste(backup,""/old_tcchile.csv"",sep=""""))"
"2-CountryData-s.R","1973","tcchile <- read.csv(paste(backup,""/old_tcchile.csv"",sep=""""))"
"2-CountryData-s.R","1977","write.csv("
"2-CountryData-s.R","1991","read_excel(colomb , sheet = ""C5"", range = ""B31:AF5000"")"
"2-CountryData-s.R","2043","tccolombiam <- read.csv(paste(backup,""/old_tccolombia.csv"",sep=""""))"
"2-CountryData-s.R","2046","write.csv("
"2-CountryData-s.R","2129","tccostaricam <- read.csv(paste(backup,""/old_tccostaricam.csv"",sep=""""))"
"2-CountryData-s.R","2132","write.csv("
"2-CountryData-s.R","2148","read_excel(repdom, sheet = ""Cartera, deudor y tipo entidad"", range = ""A9:ZZ100"")"
"2-CountryData-s.R","2265","tcrepdominicana <- read_csv(paste(backup,""/old_tcrepdominicana.csv"",sep=""""))"
"2-CountryData-s.R","2268","write.csv("
"2-CountryData-s.R","2290","read_xlsx(ecua, sheet = ""CONSCOND"", range = ""C7:AJ26"")"
"2-CountryData-s.R","2394","old_tcecuador <- read.csv(paste(backup,""/old_tcecuador.csv"",sep=""""))"
"2-CountryData-s.R","2406","tcecuador <- read_csv(paste(backup,""/old_tcecuador.csv"",sep=""""))"
"2-CountryData-s.R","2409","write.csv("
"2-CountryData-s.R","2419","as.data.table(read_xlsx(paste(raw,""ElSalvador_latest.xls"",sep=""/"")))"
"2-CountryData-s.R","2420","write.csv("
"2-CountryData-s.R","2427","read_csv(tcelsalv)"
"2-CountryData-s.R","2598","tcelsalvador<- read.csv(paste(backup,""/old_tcelsalvador.csv"",sep=""""))"
"2-CountryData-s.R","2612","tcelsalvador <- read_csv(paste(backup,""/old_tcelsalvador.csv"",sep=""""))"
"2-CountryData-s.R","2615","write.csv("
"2-CountryData-s.R","2627","tcguate <- read_excel(tcguate, range = ""A6:F25"")"
"2-CountryData-s.R","2715","tcguatemala<- read_csv(paste(backup,""/old_tcguatemala.csv"",sep=""""))"
"2-CountryData-s.R","2728","tcguatemala <- read_csv(paste(backup,""/old_tcguatemala.csv"",sep=""""))"
"2-CountryData-s.R","2732","write.csv("
"2-CountryData-s.R","2742","read_excel(hondu ,"
"2-CountryData-s.R","2835","#tchonduras<- read_csv(paste(backup,""/old_tchondurasm.csv"",sep=""""))"
"2-CountryData-s.R","2847","write.csv("
"2-CountryData-s.R","2862","read_excel(tcmex1, sheet = ""Hoja2""  , range = ""B2:zz51"")"
"2-CountryData-s.R","2925","read_excel(tcmex2, sheet = ""Hoja2""  , range = ""B2:zz51"")"
"2-CountryData-s.R","2990","read_excel(tcmexe, range = ""A1:zz1000"")"
"2-CountryData-s.R","3047","read_excel(tcmexmi , range = ""B18:C1000"")"
"2-CountryData-s.R","3181","tcmexico <- read_csv(paste(backup,""/old_tcmexico.csv"",sep=""""))"
"2-CountryData-s.R","3185","write.csv("
"2-CountryData-s.R","3200","read_excel(tcnica, sheet = ""V-10"", range = ""A8:K5000"")"
"2-CountryData-s.R","3358","old_tcnicaragua<- read_csv(paste(backup,""/old_tcnicaragua.csv"",sep=""""))"
"2-CountryData-s.R","3371","tcnicaragua <- read_csv(paste(backup,""/old_tcnicaragua.csv"",sep=""""))"
"2-CountryData-s.R","3375","write.csv("
"2-CountryData-s.R","3398","tcpana.cred <- read_excel(pana, sheet = listsheets[length(listsheets)-1]"
"2-CountryData-s.R","3451","tcpana.ent <- read_excel(pana, sheet = ""Page1_1"")"
"2-CountryData-s.R","3510","tcpana.mor <- read_excel(pana, sheet = listsheets2[length(listsheets2)]"
"2-CountryData-s.R","3549","tcpana.cons <- read_excel(pana, sheet = listsheets3[length(listsheets3)]"
"2-CountryData-s.R","3665","old_tcpanama<- read_csv(paste(backup,""/old_tcpanama.csv"",sep=""""))"
"2-CountryData-s.R","3675","tcpanama <- read_csv(paste(backup,""/old_tcpanama.csv"",sep=""""))"
"2-CountryData-s.R","3679","write.csv("
"2-CountryData-s.R","3692","read_excel(parag , sheet = ""3"", range = ""A5:ZZ30"")"
"2-CountryData-s.R","3820","tcpanama <- read_csv(paste(backup,""/old_tcparaguay.csv"",sep=""""))"
"2-CountryData-s.R","3824","write.csv("
"2-CountryData-s.R","3976","read_excel(perus, sheet = ""Cr�ditos x tipo"", range = ""A6:J17"")"
"2-CountryData-s.R","4019","tcpe <- read_excel(perus, sheet = ""Ctas SSFF"", range = ""A38:F39"")"
"2-CountryData-s.R","4140","old_tcperu <- read.csv(paste(backup,""/old_tcperu.csv"",sep=""""))"
"2-CountryData-s.R","4154","tcperu <- read_csv(paste(backup,""/old_tcperu.csv"",sep=""""))"
"2-CountryData-s.R","4157","write.csv("
"2-CountryData-s.R","4279","read_excel(venezue, sheet = ""Serie Dest.Cr�d."", range = ""A5:N9000"")"
"2-CountryData-s.R","4423","tcperu <- read_csv(paste(backup,""/old_tcvenezuela.csv"",sep=""""))"
"2-CountryData-s.R","4427","write.csv("
"2-CountryData-s.R","4479","tcargentina <- read.csv(""Data/Backup/old_tcargentina.csv"")"
"2-CountryData-s.R","4480","tcbolivia <- read.csv(""Data/Backup/old_tcbolivia.csv"")"
"2-CountryData-s.R","4481","tcbrasil <- read.csv(""Data/Backup/old_tcbrasil.csv"")"
"2-CountryData-s.R","4482","tcchile <- read.csv(""Data/Backup/old_tcchile.csv"")"
"2-CountryData-s.R","4483","tccolombiam <- read.csv(""Data/Backup/old_tccolombia.csv"")"
"2-CountryData-s.R","4484","tccostaricam <- read.csv(""Data/Backup/old_tccostaricam.csv"")"
"2-CountryData-s.R","4485","tcrepdominicana <- read.csv(""Data/Backup/old_tcrepdominicana.csv"")"
"2-CountryData-s.R","4486","tcecuador <- read.csv(""Data/Backup/old_tcecuador.csv"")"
"2-CountryData-s.R","4487","tcelsalvador <- read.csv(""Data/Backup/old_tcelsalvador.csv"")"
"2-CountryData-s.R","4488","tcguatemala <- read.csv(""Data/Backup/old_tcguatemala.csv"")"
"2-CountryData-s.R","4489","tchonduras <- read.csv(""Data/Backup/old_tchonduras.csv"")"
"2-CountryData-s.R","4490","tcmexico <- read.csv(""Data/Backup/old_tcmexico.csv"")"
"2-CountryData-s.R","4491","tcnicaragua <- read.csv(""Data/Backup/old_tcnicaragua.csv"")"
"2-CountryData-s.R","4492","tcpanama <- read.csv(""Data/Backup/old_tcpanama.csv"")"
"2-CountryData-s.R","4493","tcparaguay <- read.csv(""Data/Backup/old_tcparaguay.csv"")"
"2-CountryData-s.R","4494","tcperu <- read.csv(""Data/Backup/old_tcperu.csv"")"
"2-CountryData-s.R","4577","old_CreditType <- read_excel(paste(tables,""CreditType.backup.xlsx"",sep=""/""))"
"2-CountryData-s.R","4818","ipc <- read_excel(""Data/Clean/IPC.xlsx"")"
"2-CountryData-s.R","4891","write.csv("
"2-CountryData-s.R","4896","write_xlsx("
"2-CountryFigures.ES-s.R","9","pacman::p_load(tidyverse,dplyr,ggplot2,hrbrthemes,plotly,lubridate,ggpubr)"
"2-CountryFigures.ES-s.R","11","EconomicSector <- read.csv(paste(clean,""EconomicSector.final.csv"",sep=""/""))"
"2-CountryFigures.ES-s.R","91","ggsave(path = figures, filename = ""gi.Argentina18.png"",width=9, height=5)"
"2-CountryFigures.ES-s.R","157","ggsave(path = figures, filename = ""gi.Bolivia18.png"",width=9, height=5)"
"2-CountryFigures.ES-s.R","223","ggsave(path = figures, filename = ""gi.Brazil18.png"",width=9, height=5)"
"2-CountryFigures.ES-s.R","290","ggsave(path = figures, filename = ""gi.Chile18.png"",width=9, height=5)"
"2-CountryFigures.ES-s.R","357","ggsave(path = figures, filename = ""gi.CostaRica18.png"",width=9, height=5)"
"2-CountryFigures.ES-s.R","424","ggsave(path = figures, filename = ""gi.DominicanRepublic18.png"",width=9, height=5)"
"2-CountryFigures.ES-s.R","491","ggsave(path = figures, filename = ""gi.ElSalvador18.png"",width=9, height=5)"
"2-CountryFigures.ES-s.R","558","ggsave(path = figures, filename = ""gi.Guatemala18.png"",width=9, height=5)"
"2-CountryFigures.ES-s.R","625","ggsave(path = figures, filename = ""gi.Honduras18.png"",width=9, height=5)"
"2-CountryFigures.ES-s.R","692","ggsave(path = figures, filename = ""gi.Mexico18.png"",width=9, height=5)"
"2-CountryFigures.ES-s.R","759","ggsave(path = figures, filename = ""gi.Nicaragua18.png"",width=9, height=5)"
"2-CountryFigures.ES-s.R","826","ggsave(path = figures, filename = ""gi.Panama18.png"",width=9, height=5)"
"2-CountryFigures.ES-s.R","893","ggsave(path = figures, filename = ""gi.Paraguay18.png"",width=9, height=5)"
"2-CountryFigures.ES-s.R","960","ggsave(path = figures, filename = ""gi.Peru18.png"",width=9, height=5)"
"2-CountryFigures.ES-s.R","1031","ggsave(path = figures, filename = ""gi2.Argentina18.png"",width=9, height=5)"
"2-CountryFigures.ES-s.R","1098","ggsave(path = figures, filename = ""gi2.Bolivia18.png"",width=9, height=5)"
"2-CountryFigures.ES-s.R","1165","ggsave(path = figures, filename = ""gi2.Brazil18.png"",width=9, height=5)"
"2-CountryFigures.ES-s.R","1232","ggsave(path = figures, filename = ""gi2.Chile18.png"",width=9, height=5)"
"2-CountryFigures.ES-s.R","1299","ggsave(path = figures, filename = ""gi2.CostaRica18.png"",width=9, height=5)"
"2-CountryFigures.ES-s.R","1366","ggsave(path = figures, filename = ""gi2.DominicanRepublic18.png"",width=9, height=5)"
"2-CountryFigures.ES-s.R","1433","ggsave(path = figures, filename = ""gi2.ElSalvador18.png"",width=9, height=5)"
"2-CountryFigures.ES-s.R","1500","ggsave(path = figures, filename = ""gi2.Guatemala18.png"",width=9, height=5)"
"2-CountryFigures.ES-s.R","1567","ggsave(path = figures, filename = ""gi2.Honduras18.png"",width=9, height=5)"
"2-CountryFigures.ES-s.R","1634","ggsave(path = figures, filename = ""gi2.Mexico18.png"",width=9, height=5)"
"2-CountryFigures.ES-s.R","1701","ggsave(path = figures, filename = ""gi2.Nicaragua18.png"",width=9, height=5)"
"2-CountryFigures.ES-s.R","1768","ggsave(path = figures, filename = ""gi2.Panama18.png"",width=9, height=5)"
"2-CountryFigures.ES-s.R","1837","ggsave(path = figures, filename = ""gi2.Paraguay18.png"",width=9, height=5)"
"2-CountryFigures.ES-s.R","1906","ggsave(path = figures, filename = ""gi2.Peru18.png"",width=9, height=5)"
"3-CountryFigures-s.R","7","pacman::p_load(tidyverse,dplyr,ggplot2,hrbrthemes,plotly,lubridate,ggpubr)"
"3-CountryFigures-s.R","9","CreditType <- read.csv(paste(clean,""CreditType.final.csv"",sep=""/""))"
"3-CountryFigures-s.R","89","ggsave(path = figures, filename = ""gipc.Argentina18.png"",width=9, height=5)"
"3-CountryFigures-s.R","156","ggsave(path = figures, filename = ""gipc.Bolivia18.png"",width=9, height=5)"
"3-CountryFigures-s.R","223","ggsave(path = figures, filename = ""gipc.Brazil18.png"",width=9, height=5)"
"3-CountryFigures-s.R","290","ggsave(path = figures, filename = ""gipc.Chile18.png"",width=9, height=5)"
"3-CountryFigures-s.R","357","ggsave(path = figures, filename = ""gipc.Colombia18.png"",width=9, height=5)"
"3-CountryFigures-s.R","424","ggsave(path = figures, filename = ""gipc.CostaRica18.png"",width=9, height=5)"
"3-CountryFigures-s.R","491","ggsave(path = figures, filename = ""gipc.DominicanRepublic18.png"",width=9, height=5)"
"3-CountryFigures-s.R","558","ggsave(path = figures, filename = ""gipc.Ecuador18.png"",width=9, height=5)"
"3-CountryFigures-s.R","625","ggsave(path = figures, filename = ""gipc.ElSalvador18.png"",width=9, height=5)"
"3-CountryFigures-s.R","692","ggsave(path = figures, filename = ""gipc.Guatemala18.png"",width=9, height=5)"
"3-CountryFigures-s.R","759","ggsave(path = figures, filename = ""gipc.Honduras18.png"",width=9, height=5)"
"3-CountryFigures-s.R","826","ggsave(path = figures, filename = ""gipc.Mexico18.png"",width=9, height=5)"
"3-CountryFigures-s.R","893","ggsave(path = figures, filename = ""gipc.Nicaragua18.png"",width=9, height=5)"
"3-CountryFigures-s.R","960","ggsave(path = figures, filename = ""gipc.Panama18.png"",width=9, height=5)"
"3-CountryFigures-s.R","1027","ggsave(path = figures, filename = ""gipc.Paraguay18.png"",width=9, height=5)"
"3-CountryFigures-s.R","1094","ggsave(path = figures, filename = ""gipc.Peru18.png"",width=9, height=5)"
"3-CountryFigures-s.R","1165","ggsave(path = figures, filename = ""gipc2Argentina18.png"",width=9, height=5)"
"3-CountryFigures-s.R","1232","ggsave(path = figures, filename = ""gipc2Bolivia18.png"",width=9, height=5)"
"3-CountryFigures-s.R","1299","ggsave(path = figures, filename = ""gipc2Brazil18.png"",width=9, height=5)"
"3-CountryFigures-s.R","1366","ggsave(path = figures, filename = ""gipc2Chile18.png"",width=9, height=5)"
"3-CountryFigures-s.R","1433","ggsave(path = figures, filename = ""gipc2Colombia18.png"",width=9, height=5)"
"3-CountryFigures-s.R","1500","ggsave(path = figures, filename = ""gipc2CostaRica18.png"",width=9, height=5)"
"3-CountryFigures-s.R","1567","ggsave(path = figures, filename = ""gipc2DominicanRepublic18.png"",width=9, height=5)"
"3-CountryFigures-s.R","1634","ggsave(path = figures, filename = ""gipc2Ecuador18.png"",width=9, height=5)"
"3-CountryFigures-s.R","1701","ggsave(path = figures, filename = ""gipc2ElSalvador18.png"",width=9, height=5)"
"3-CountryFigures-s.R","1768","ggsave(path = figures, filename = ""gipc2Guatemala18.png"",width=9, height=5)"
"3-CountryFigures-s.R","1835","ggsave(path = figures, filename = ""gipc2Honduras18.png"",width=9, height=5)"
"3-CountryFigures-s.R","1902","ggsave(path = figures, filename = ""gipc2Mexico18.png"",width=9, height=5)"
"3-CountryFigures-s.R","1969","ggsave(path = figures, filename = ""gipc2Nicaragua18.png"",width=9, height=5)"
"3-CountryFigures-s.R","2036","ggsave(path = figures, filename = ""gipc2Panama18.png"",width=9, height=5)"
"3-CountryFigures-s.R","2105","ggsave(path = figures, filename = ""gipc2Paraguay18.png"",width=9, height=5)"
"3-CountryFigures-s.R","2174","ggsave(path = figures, filename = ""gipc2Peru18.png"",width=9, height=5)"
"3-CountryFigures.ES-2-s.R","7","pacman::p_load(tidyverse,dplyr,ggplot2,hrbrthemes,plotly,lubridate,ggpubr)"
"3-CountryFigures.ES-2-s.R","9","EconomicSector <- read.csv(paste(clean,""EconomicSector.final.csv"",sep=""/""))"
"3-CountryFigures.ES-2-s.R","78","ggsave(path = figures, filename = ""d-industry.png"",width=9, height=5)"
"3-CountryFigures.ES-2-s.R","139","ggsave(path = figures, filename = ""d-Agricultural.png"",width=9, height=5)"
"3-CountryFigures.ES-2-s.R","200","ggsave(path = figures, filename = ""d-commerce.png"",width=9, height=5)"
"3-CountryFigures.ES-2-s.R","261","ggsave(path = figures, filename = ""d-T.productive.png"",width=9, height=5)"
"3-CountryFigures.ES-2-s.R","323","ggsave(path = figures, filename = ""d-Remaining.png"",width=9, height=5)"
"4-Analisis Total Productive-s.R","7","pacman::p_load(tidyverse,dplyr,ggplot2,hrbrthemes,"
"4-Analisis Total Productive-s.R","10","CreditType <- readxl::read_excel(""/Final_CreditType/Data/Clean/CreditType.final.xlsx"")"
"4-Analisis Total Productive-s.R","11","EconomicSector <- read_excel(paste(clean,""EconomicSector.final.xlsx"",sep=""/""))"
"4-Analisis Total Productive-s.R","89","ggsave(path = figures, filename = ""gipc.Argentina18.png"",width=9, height=5)"
"4-Analisis Total Productive-s.R","119","ggsave(path = figures, filename = ""gipc.Bolivia18.png"",width=9, height=5)"
"4-Analisis Total Productive-s.R","149","ggsave(path = figures, filename = ""gipc.Brazil18.png"",width=9, height=5)"
"4-Analisis Total Productive-s.R","179","ggsave(path = figures, filename = ""gipc.Chile18.png"",width=9, height=5)"
"4-Analisis Total Productive-s.R","209","ggsave(path = figures, filename = ""gipc.CostaRica18.png"",width=9, height=5)"
"4-Analisis Total Productive-s.R","239","ggsave(path = figures, filename = ""gipc.DominicanRepublic18.png"",width=9, height=5)"
"4-Analisis Total Productive-s.R","269","ggsave(path = figures, filename = ""gipc.ElSalvador18.png"",width=9, height=5)"
"4-Analisis Total Productive-s.R","300","ggsave(path = figures, filename = ""gipc.Guatemala18.png"",width=9, height=5)"
"4-Analisis Total Productive-s.R","330","ggsave(path = figures, filename = ""gipc.Honduras18.png"",width=9, height=5)"
"4-Analisis Total Productive-s.R","360","ggsave(path = figures, filename = ""gipc.Mexico18.png"",width=9, height=5)"
"4-Analisis Total Productive-s.R","390","ggsave(path = figures, filename = ""gipc.Nicaragua18.png"",width=9, height=5)"
"4-Analisis Total Productive-s.R","421","ggsave(path = figures, filename = ""gipc.Panama18.png"",width=9, height=5)"
"4-Analisis Total Productive-s.R","451","ggsave(path = figures, filename = ""gipc.Paraguay18.png"",width=9, height=5)"
"4-Analisis Total Productive-s.R","481","ggsave(path = figures, filename = ""gipc.Peru18.png"",width=9, height=5)"
"4-CountryFigures-2-s.R","7","pacman::p_load(tidyverse,dplyr,ggplot2,hrbrthemes,plotly,lubridate,ggpubr)"
"4-CountryFigures-2-s.R","9","CreditType <- read.csv(paste(clean,""CreditType.final.csv"",sep=""/""))"
"4-CountryFigures-2-s.R","78","ggsave(path = figures, filename = ""d-credicard.png"",width=9, height=5)"
"4-CountryFigures-2-s.R","139","ggsave(path = figures, filename = ""d-mortgage.png"",width=9, height=5)"
"4-CountryFigures-2-s.R","200","ggsave(path = figures, filename = ""d-conscredit.png"",width=9, height=5)"
"4-CountryFigures-2-s.R","261","ggsave(path = figures, filename = ""d-microcredit.png"",width=9, height=5)"
"4-CountryFigures-2-s.R","323","ggsave(path = figures, filename = ""d-smes.png"",width=9, height=5)"
"4-CountryFigures-2-s.R","384","ggsave(path = figures, filename = ""d-totalem.png"",width=9, height=5)"
"src/00_setup.R","51","write_csv_safe <- function(x, file) {"
"src/00_setup.R","53","utils::write.csv(x, file, row.names = FALSE, na = """")"
"src/00_setup.R","57","write_text_safe <- function(x, file) {"
"src/00_setup.R","115","read_any_table <- function(file) {"
"src/00_setup.R","118","return(utils::read.csv(file, check.names = FALSE))"
"src/00_setup.R","124","return(readxl::read_excel(file))"
"src/00_setup.R","161","old <- if (file.exists(file)) utils::read.csv(file) else data.frame()"
"src/00_setup.R","162","write_csv_safe(rbind(old, row), file)"
"src/01_load_data.R","45","df <- as.data.frame(read_any_table(preferred))"
"src/01_load_data.R","107","write_csv_safe(source_inventory, path(""data"", ""metadata"", ""source_inventory.csv""))"
"src/01_load_data.R","108","write_csv_safe(source_inventory, path(""data"", ""metadata"", ""load_status.csv""))"
"src/01_load_data.R","109","write_csv_safe(legacy_files, path(""data"", ""metadata"", ""legacy_file_inventory.csv""))"
"src/02_clean_data.R","91","write_csv_safe(credit, path(""data"", ""processed"", ""credit_type_panel_clean.csv""))"
"src/02_clean_data.R","92","write_csv_safe(sector, path(""data"", ""processed"", ""economic_sector_panel_clean.csv""))"
"src/02_clean_data.R","93","write_csv_safe(panel, path(""data"", ""processed"", ""panel_completo_clean.csv""))"
"src/02_clean_data.R","94","write_csv_safe(analysis_panel, path(""data"", ""processed"", ""financial_development_panel_base.csv""))"
"src/03_validate_panel.R","86","write_csv_safe(coverage_table, path(""outputs"", ""tables"", ""panel_coverage.csv""))"
"src/03_validate_panel.R","87","write_csv_safe(variable_dictionary, path(""outputs"", ""tables"", ""variable_dictionary.csv""))"
"src/03_validate_panel.R","88","write_csv_safe(missing_table, path(""outputs"", ""tables"", ""missing_values.csv""))"
"src/03_validate_panel.R","89","write_csv_safe(coverage_table, path(""data"", ""metadata"", ""qc_country_coverage.csv""))"
"src/03_validate_panel.R","90","write_csv_safe(missing_table, path(""data"", ""metadata"", ""qc_missing_values.csv""))"
"src/03_validate_panel.R","104","write_text_safe(validation_note, path(""data"", ""metadata"", ""validation_report.md""))"
"src/04_descriptive_analysis.R","111","write_csv_safe(financial_panel, path(""data"", ""processed"", ""financial_development_panel.csv""))"
"src/04_descriptive_analysis.R","112","write_csv_safe(desc_table, path(""outputs"", ""tables"", ""descriptive_statistics.csv""))"
"src/04_descriptive_analysis.R","113","write_csv_safe(ranking_table, path(""outputs"", ""tables"", ""country_ranking.csv""))"
"src/05_figures_editorial.R","58","write_csv_safe(figure_catalog, path(""outputs"", ""figures"", ""figure_catalog.csv""))"
"src/05_figures_editorial.R","59","write_text_safe(c(""# Figure Catalog"", """", ""All figures are data-unavailable placeholders until source data are restored.""), path(""outputs"", ""figures"", ""figure_catalog.md""))"
"src/05_figures_editorial.R","228","write_csv_safe(figure_catalog, path(""outputs"", ""figures"", ""figure_catalog.csv""))"
"src/05_figures_editorial.R","229","write_text_safe(c(""# Figure Catalog"", """", paste(""- `"", figure_catalog$png, ""`"", sep = """")), path(""outputs"", ""figures"", ""figure_catalog.md""))"
"src/06_econometric_models.R","16","write_csv_safe(econ, path(""outputs"", ""tables"", ""econometric_results.csv""))"
"src/06_econometric_models.R","17","write_text_safe(c(""<html><body><h1>Model summary</h1><p>Models were not estimated because required panel data are unavailable or insufficient.</p></body></html>""), path(""outputs"", ""models"", ""model_summary.html""))"
"src/06_econometric_models.R","18","write_text_safe(c(""\\begin{tabular}{ll}"", ""Model & Status\\\\"", ""Panel models & Not estimated: data unavailable\\\\"", ""\\end{tabular}""), path(""outputs"", ""models"", ""model_summary.tex""))"
"src/06_econometric_models.R","47","write_csv_safe(econ, path(""outputs"", ""tables"", ""econometric_results.csv""))"
"src/06_econometric_models.R","54","write_text_safe(html, path(""outputs"", ""models"", ""model_summary.html""))"
"src/06_econometric_models.R","55","write_text_safe(c(""\\begin{verbatim}"", capture.output(summary(twfe)), ""\\end{verbatim}""), path(""outputs"", ""models"", ""model_summary.tex""))"
"src/07_robustness_checks.R","57","write_csv_safe(robustness_summary, path(""outputs"", ""tables"", ""robustness_summary.csv""))"
"src/08_country_profiles.R","32","write_csv_safe(country_profiles, path(""outputs"", ""tables"", ""country_profiles.csv""))"
"src/08_country_profiles.R","33","write_text_safe(c(""# Country Profiles"", """", paste(""- "", country_profiles$profile, collapse = ""\n"")), path(""outputs"", ""tables"", ""country_profiles.md""))"
"src/09_sector_profiles.R","28","write_csv_safe(sector_profiles, path(""outputs"", ""tables"", ""sector_profiles.csv""))"
"src/09_sector_profiles.R","29","write_text_safe(c(""# Sector Profiles"", """", paste(""- "", sector_profiles$profile, collapse = ""\n"")), path(""outputs"", ""tables"", ""sector_profiles.md""))"
"src/10_dashboard_data.R","48","write_csv_safe(dashboard_panel, path(""outputs"", ""dashboard"", ""dashboard_panel.csv""))"
"src/10_dashboard_data.R","49","write_csv_safe(kpi, path(""outputs"", ""dashboard"", ""dashboard_kpi.csv""))"
"src/99_run_all.R","16","write_text_safe(c("
"src/theme_economist_nature.R","37","ggplot2::ggsave(png_file, plot, width = width, height = height, dpi = 300)"
"src/theme_economist_nature.R","38","ggplot2::ggsave(pdf_file, plot, width = width, height = height, device = grDevices::cairo_pdf)"
